{"cameraMode":{"drawMode":0,"name":"Shaded","section":"Shading Mode"},"sceneLighting":false,"audioPlay":false,"sceneViewState":{"showFog":false,"showMaterialUpdate":false,"showSkybox":false,"showFlares":false,"showImageEffects":false,"showParticleSystems":false},"in2DMode":false,"pivot":{"x":3.2799999713897707,"y":0.029999971389770509,"z":-8.865234375},"rotation":{"x":-0.004499977454543114,"y":1.1648506159644967e-7,"z":-2.4613475702039979e-9,"w":0.9999898672103882},"size":3.007575035095215,"orthographic":true}