{"cameraMode":{"drawMode":0,"name":"Shaded","section":"Shading Mode"},"sceneLighting":false,"audioPlay":false,"sceneViewState":{"showFog":false,"showMaterialUpdate":false,"showSkybox":false,"showFlares":false,"showImageEffects":false,"showParticleSystems":false},"in2DMode":false,"pivot":{"x":110.97000122070313,"y":-1.619999885559082,"z":-4.389076232910156},"rotation":{"x":0.014999293722212315,"y":0.004499603062868118,"z":-0.0000675022165523842,"w":0.999877393245697},"size":18.29937171936035,"orthographic":true}