{"cameraMode":{"drawMode":0,"name":"Shaded","section":"Shading Mode"},"sceneLighting":false,"audioPlay":false,"sceneViewState":{"showFog":false,"showMaterialUpdate":false,"showSkybox":false,"showFlares":false,"showImageEffects":false,"showParticleSystems":false},"in2DMode":false,"pivot":{"x":0.4860000014305115,"y":-0.03099999949336052,"z":0.0400390625},"rotation":{"x":-0.004499977454543114,"y":1.1648506159644967e-7,"z":-2.4613475702039979e-9,"w":0.9999898672103882},"size":2.3985211849212648,"orthographic":true}